applicant_id,name,email,phone,phone_normalized,phone_country,program,school_type,citizenship_status,referral_source,submission_date,submission_age_days,submission_age_bucket,submission_recency,graduation_year,graduation_year_bucket,flags,flag_severity,review_status,review_priority,data_quality_score,quality_tier,readiness_score,readiness_bucket,follow_up_reason
A-101,Jordan Lee,jordan.lee@example.com,312-555-0101,+13125550101,US/Canada,STEM Scholars,Public,US Citizen,,2026-01-20,19,15-30 days,active,2026,current,missing_referral_source,medium,needs_follow_up,low,95,excellent,92,ready,Missing referral source
A-102,Maya Patel,,+1 (415) 555-0132,+14155550132,US/Canada,Arts Catalyst,Private,International,,2026-01-18,21,15-30 days,active,2027,next_year,missing_email; missing_referral_source; low_gpa,critical,incomplete,high,65,needs_attention,54,needs_review,Missing email; Missing referral source; Low GPA
A-103,Sam Rivera,sam.rivera@example.com,+(44) 20 7946 0958,+442079460958,United Kingdom,STEM Scholars,Charter,US Citizen,,2026-01-12,27,15-30 days,active,2025,overdue,missing_referral_source; missing_income; duplicate_email; duplicate_applicant_id,medium,needs_follow_up,low,80,good,68,needs_follow_up,Missing referral source; Missing income bracket; Duplicate email; Duplicate applicant ID
A-104,Anika Bose,anika.bose@example.com,919-555-0177,+19195550177,US/Canada,Health Futures,Public,Permanent Resident,,2026-01-05,34,31-60 days,stale,2026,current,missing_referral_source; stale_submission,medium,needs_follow_up,low,90,excellent,84,needs_follow_up,Missing referral source; Submission older than 30 days
A-105,Chris Nguyen,chris.nguyen@example.com,not-a-number,,,Arts Catalyst,Homeschool,US Citizen,,2025-12-29,41,31-60 days,stale,2024,overdue,invalid_phone; missing_referral_source; graduation_year_out_of_range; stale_submission,high,needs_review,medium,75,good,61,needs_review,Invalid phone; Missing referral source; Graduation year out of range; Submission older than 30 days
A-103,,sam.rivera@example.com,,,,STEM Scholars,Public,US Citizen,,2026-01-15,24,15-30 days,active,2026,current,missing_name; missing_phone; missing_referral_source; duplicate_email; duplicate_applicant_id,critical,incomplete,high,55,needs_attention,38,incomplete,Missing applicant name; Missing phone; Missing referral source; Duplicate email; Duplicate applicant ID
A-106,Lila Chen,lila.chen_at_example.com,3125550199,+13125550199,US/Canada,Health Futures,International,DACA,,2026-02-02,6,0-7 days,fresh,2033,future,invalid_email; missing_referral_source; graduation_year_out_of_range,critical,incomplete,high,60,needs_attention,47,needs_review,Invalid email; Missing referral source; Graduation year out of range
A-107,Noah Ortiz,noah.ortiz@example.com,+91 98765 43210,+919876543210,India,Unspecified,Community College,Undocumented,,2026-01-25,14,8-14 days,active,2028,future,missing_program; missing_referral_source; gpa_out_of_range,critical,incomplete,high,60,needs_attention,47,needs_review,Missing program; Missing referral source; GPA out of range
