applicant_id,name,email,phone,program,review_status,review_priority,flag_severity,data_quality_score,readiness_score,submission_date,submission_age_days,submission_recency,graduation_year,follow_up_reason,recommended_action
A-103,,sam.rivera@example.com,,STEM Scholars,incomplete,high,critical,55,38,2026-01-15,24,active,2026,Missing applicant name; Missing phone; Missing referral source; Duplicate email; Duplicate applicant ID,Request missing contact details
A-102,Maya Patel,,+1 (415) 555-0132,Arts Catalyst,incomplete,high,critical,65,54,2026-01-18,21,active,2027,Missing email; Missing referral source; Low GPA,Request missing contact details
A-107,Noah Ortiz,noah.ortiz@example.com,+91 98765 43210,Unspecified,incomplete,high,critical,60,47,2026-01-25,14,active,2028,Missing program; Missing referral source; GPA out of range,Confirm program selection
A-106,Lila Chen,lila.chen_at_example.com,3125550199,Health Futures,incomplete,high,critical,60,47,2026-02-02,6,fresh,2033,Invalid email; Missing referral source; Graduation year out of range,Verify contact information
A-105,Chris Nguyen,chris.nguyen@example.com,not-a-number,Arts Catalyst,needs_review,medium,high,75,61,2025-12-29,41,stale,2024,Invalid phone; Missing referral source; Graduation year out of range; Submission older than 30 days,Verify contact information
A-104,Anika Bose,anika.bose@example.com,919-555-0177,Health Futures,needs_follow_up,low,medium,90,84,2026-01-05,34,stale,2026,Missing referral source; Submission older than 30 days,Capture referral source
A-103,Sam Rivera,sam.rivera@example.com,+(44) 20 7946 0958,STEM Scholars,needs_follow_up,low,medium,80,68,2026-01-12,27,active,2025,Missing referral source; Missing income bracket; Duplicate email; Duplicate applicant ID,Capture referral source
A-101,Jordan Lee,jordan.lee@example.com,312-555-0101,STEM Scholars,needs_follow_up,low,medium,95,92,2026-01-20,19,active,2026,Missing referral source,Capture referral source
